{"main":"american-flights-api-walkthrough.raml","name":"American Flights API Walkthrough","organizationId":"8430d205-3a81-4820-b120-c97c9d4b1176","groupId":"8430d205-3a81-4820-b120-c97c9d4b1176","assetId":"american-flights-api-walkthrough","version":"1.0.1","metadata":{"branchId":"master","commitId":"c7763e3542b0427848463df7709ff0337e63ec3f","projectId":"93380012-4fc0-4b05-9e1d-7385f5aaad79"},"apiVersion":"v1","classifier":"raml","dependencies":[{"assetId":"training-american-flight-data-type","groupId":"68ef9520-24e9-4cf2-b2f5-620025690913","version":"1.0.1"},{"assetId":"training-american-flights-example","groupId":"68ef9520-24e9-4cf2-b2f5-620025690913","version":"1.0.1"}],"tags":[],"originalFormatVersion":"1.0"}